Workbook

Sheet BD
A1: 00000000
A2: 016500566755
A3: 862158000246
A4: 4862468209397
A5: 639277152947
A6: 599700000692
A7: 596549874897
A8: 596782061344
A9: 599700000685
A10: 0962106215102030206703
A11: 7597002000013
A12: 094070341510203020670301
... A7905: 7598176000267

Sheet CARGA INICIAL
A1: 151515 | B1: PAPEL PARA CAMILLA ROLLO DE 15 MTS | C1: =IF(COUNTIF(BD!A:A, A1) > 0, "SIN FOTO", "NO HIZO MATCH") -> NO HIZO MATCH
A2: 303030 | B2: PAPEL PARA CAMILLA ROLLO DE 30 MTS | C2: =IF(COUNTIF(BD!A:A, A2) > 0, "SIN FOTO", "NO HIZO MATCH") -> NO HIZO MATCH
A3: 3B-04 | B3: BASTON UN PUNTO AJUSTABLE X 1 UND | C3: =IF(COUNTIF(BD!A:A, A3) > 0, "SIN FOTO", "NO HIZO MATCH") -> NO HIZO MATCH
A4: 3B-05 | B4: BASTON DE ALUMINIO CON LINTERNA X 1 UND | C4: =IF(COUNTIF(BD!A:A, A4) > 0, "SIN FOTO", "NO HIZO MATCH") -> NO HIZO MATCH
A5: 3B-06 | B5: BASTON CUATRO PUNTOS BASE CORTA X 1 UND | C5: =IF(COUNTIF(BD!A:A, A5) > 0, "SIN FOTO", "NO HIZO MATCH") -> NO HIZO MATCH
A6: 3B-07 | B6: SILLA DE RUEDAS CON DOBLE FRENO X UND | C6: =IF(COUNTIF(BD!A:A, A6) > 0, "SIN FOTO", "NO HIZO MATCH") -> NO HIZO MATCH
A7: 3B-09 | B7: ANDADERA REFORZADA RECIPROCAL X UND | C7: =IF(COUNTIF(BD!A:A, A7) > 0, "SIN FOTO", "NO HIZO MATCH") -> NO HIZO MATCH
A8: BATA | B8: BATA DE CIRUJANO KD MEDICAL | C8: =IF(COUNTIF(BD!A:A, A8) > 0, "SIN FOTO", "NO HIZO MATCH") -> NO HIZO MATCH
A9: BATAPAC | B9: BATA DE PACIENTE INDIVIDUAL | C9: =IF(COUNTIF(BD!A:A, A9) > 0, "SIN FOTO", "NO HIZO MATCH") -> NO HIZO MATCH
A10: CAMPOAB | B10: CAMPO ABIERTO X UND KD MEDICAL | C10: =IF(COUNTIF(BD!A:A, A10) > 0, "SIN FOTO", "NO HIZO MATCH") -> NO HIZO MATCH
A11: CAMPOCE | B11: CAMPO CERRADO X UND KD MEDICAL | C11: =IF(COUNTIF(BD!A:A, A11) > 0, "SIN FOTO", "NO HIZO MATCH") -> NO HIZO MATCH
A12: CENTRO DE CAMA | B12: CENTRO DE CAMA BLANCO X UND | C12: =IF(COUNTIF(BD!A:A, A12) > 0, "SIN FOTO", "NO HIZO MATCH") -> NO HIZO MATCH
... A614: NF-99 | B614: TERMOMETRO DIGITAL X UND | C614: =IF(COUNTIF(BD!A:A, A614) > 0, "SIN FOTO", "NO HIZO MATCH") -> NO HIZO MATCH
